<?xml version="1.0" encoding="UTF-8" ?>
<?demandware-pipeline version="2.0"?>

<pipeline group="MyAccount">
  <description>Address management at customer profile</description>
  <branch basename="_ANONYMOUS_BRANCH_1">
    <segment>
      <node>
        <text-node>
          <description>List addresses in customer profile
Input:
(none)</description>
        </text-node>
        <node-display x="1" y="1"/>
      </node>
    </segment>
  </branch>
  <branch basename="List">
    <segment>
      <node>
        <start-node name="List" secure="true"/>
        <node-display x="1" y="2"/>
      </node>
      <simple-transition>
        <transition-display>
          <bend-point relative-to="source" x="0" y="1"/>
        </transition-display>
      </simple-transition>
      <node>
        <pipelet-node pipelet-name="Assign" pipelet-set-identifier="bc_api">
          <config-property key="Transactional" value="false"/>
          <key-binding alias="&quot;Address-List&quot;" key="From_0"/>
          <key-binding alias="TargetPipeline" key="To_0"/>
          <key-binding alias="null" key="From_1"/>
          <key-binding alias="null" key="To_1"/>
          <key-binding alias="null" key="From_2"/>
          <key-binding alias="null" key="To_2"/>
          <key-binding alias="null" key="From_3"/>
          <key-binding alias="null" key="To_3"/>
          <key-binding alias="null" key="From_4"/>
          <key-binding alias="null" key="To_4"/>
          <key-binding alias="null" key="From_5"/>
          <key-binding alias="null" key="To_5"/>
          <key-binding alias="null" key="From_6"/>
          <key-binding alias="null" key="To_6"/>
          <key-binding alias="null" key="From_7"/>
          <key-binding alias="null" key="To_7"/>
          <key-binding alias="null" key="From_8"/>
          <key-binding alias="null" key="To_8"/>
          <key-binding alias="null" key="From_9"/>
          <key-binding alias="null" key="To_9"/>
        </pipelet-node>
        <node-display x="0" y="1"/>
      </node>
      <simple-transition>
        <transition-display>
          <bend-point relative-to="source" x="0" y="1"/>
        </transition-display>
      </simple-transition>
      <node>
        <call-node start-name-ref="Account-RequireLogin"/>
        <node-display x="0" y="1"/>
      </node>
      <simple-transition/>
      <node>
        <pipelet-node pipelet-name="UpdatePageMetaData" pipelet-set-identifier="bc_api">
          <key-binding alias="null" key="DefaultKeywords"/>
          <key-binding alias="null" key="DefaultDescription"/>
          <key-binding alias="null" key="Product"/>
          <key-binding alias="null" key="Category"/>
          <key-binding alias="dw.content.ContentMgr.getContent(&quot;myaccount-addresses&quot;)" key="Content"/>
        </pipelet-node>
        <node-display x="0" y="1"/>
      </node>
      <simple-transition/>
      <node>
        <interaction-node transaction-required="false">
          <template buffered="true" dynamic="false" name="account/addressbook/addresslist"/>
        </interaction-node>
        <node-display x="0" y="1"/>
      </node>
    </segment>
  </branch>
  <branch basename="_ANONYMOUS_BRANCH_3">
    <segment>
      <node>
        <text-node>
          <description>Renders a dialog providing functionality to add a new address to the address book.</description>
        </text-node>
        <node-display x="4" y="1"/>
      </node>
    </segment>
  </branch>
  <branch basename="_ANONYMOUS_BRANCH_4">
    <segment>
      <node>
        <text-node>
          <description>Renders a dialog providing functionality to edit an existing address.</description>
        </text-node>
        <node-display x="7" y="1"/>
      </node>
    </segment>
  </branch>
  <branch basename="Add">
    <segment>
      <node>
        <start-node call-mode="public" name="Add" secure="true"/>
        <node-display x="4" y="2"/>
      </node>
      <simple-transition>
        <transition-display>
          <bend-point relative-to="source" x="0" y="1"/>
        </transition-display>
      </simple-transition>
      <node>
        <pipelet-node pipelet-name="Assign" pipelet-set-identifier="bc_api">
          <config-property key="Transactional" value="false"/>
          <key-binding alias="&quot;Address-List&quot;" key="From_0"/>
          <key-binding alias="TargetPipeline" key="To_0"/>
          <key-binding alias="&quot;add&quot;" key="From_1"/>
          <key-binding alias="Action" key="To_1"/>
          <key-binding alias="null" key="From_2"/>
          <key-binding alias="null" key="To_2"/>
          <key-binding alias="null" key="From_3"/>
          <key-binding alias="null" key="To_3"/>
          <key-binding alias="null" key="From_4"/>
          <key-binding alias="null" key="To_4"/>
          <key-binding alias="null" key="From_5"/>
          <key-binding alias="null" key="To_5"/>
          <key-binding alias="null" key="From_6"/>
          <key-binding alias="null" key="To_6"/>
          <key-binding alias="null" key="From_7"/>
          <key-binding alias="null" key="To_7"/>
          <key-binding alias="null" key="From_8"/>
          <key-binding alias="null" key="To_8"/>
          <key-binding alias="null" key="From_9"/>
          <key-binding alias="null" key="To_9"/>
        </pipelet-node>
        <node-display x="0" y="1"/>
      </node>
      <simple-transition>
        <transition-display>
          <bend-point relative-to="source" x="0" y="1"/>
        </transition-display>
      </simple-transition>
      <node>
        <call-node start-name-ref="Account-RequireLogin"/>
        <node-display x="0" y="1"/>
      </node>
      <simple-transition>
        <transition-display>
          <bend-point relative-to="source" x="0" y="1"/>
        </transition-display>
      </simple-transition>
      <node>
        <pipelet-node pipelet-name="ClearFormElement" pipelet-set-identifier="bc_api">
          <key-binding alias="CurrentForms.profile" key="FormElement"/>
        </pipelet-node>
        <node-display x="0" y="1"/>
      </node>
      <transition target-connector="in1" target-path="./+1"/>
    </segment>
    <segment>
      <node>
        <join-node/>
        <node-display x="0" y="1"/>
      </node>
      <simple-transition>
        <transition-display>
          <bend-point relative-to="source" x="0" y="1"/>
        </transition-display>
      </simple-transition>
      <node>
        <interaction-continue-node secure="true" start-name="SubmitFormAdd" transaction-required="false">
          <template buffered="true" dynamic="false" name="account/addressbook/addressdetails"/>
        </interaction-continue-node>
        <node-display x="0" y="1"/>
        <branch basename="b2" source-connector="cancel">
          <transition target-connector="in"/>
          <segment>
            <node>
              <call-node start-name-ref="CSRF-Validate"/>
              <node-display x="-1" y="1"/>
            </node>
            <transition target-connector="in2" target-path="../+1/b5.1">
              <transition-display>
                <bend-point relative-to="target" x="-2" y="0"/>
              </transition-display>
            </transition>
          </segment>
        </branch>
        <branch basename="b3" source-connector="create">
          <transition target-connector="in"/>
          <segment>
            <node>
              <call-node start-name-ref="CSRF-Validate"/>
              <node-display x="0" y="1"/>
            </node>
            <transition target-connector="in1" target-path="../+1"/>
          </segment>
        </branch>
      </node>
      <simple-transition>
        <transition-display>
          <bend-point relative-to="target" x="0" y="-1"/>
        </transition-display>
      </simple-transition>
      <node>
        <decision-node condition-key="!CurrentForms.profile.address.valid" condition-operator="expr"/>
        <node-display orientation="horizontal" x="1" y="1"/>
        <branch basename="b4" source-connector="yes">
          <transition target-connector="in1" target-path="./+1/b4.3"/>
        </branch>
      </node>
      <transition target-connector="in3" target-path="./+1">
        <transition-display>
          <bend-point relative-to="source" x="0" y="2"/>
        </transition-display>
      </transition>
    </segment>
    <segment>
      <node>
        <join-node/>
        <node-display x="-1" y="1"/>
      </node>
      <simple-transition>
        <transition-display>
          <bend-point relative-to="source" x="0" y="1"/>
        </transition-display>
      </simple-transition>
      <node>
        <pipelet-node pipelet-name="CreateCustomerAddress" pipelet-set-identifier="bc_api">
          <key-binding alias="CurrentForms.profile.address.addressid.value" key="AddressID"/>
          <key-binding alias="Address" key="Address"/>
          <key-binding alias="CurrentCustomer" key="Customer"/>
        </pipelet-node>
        <node-display x="0" y="1"/>
        <branch basename="b2" source-connector="error">
          <transition target-connector="in">
            <transition-display>
              <bend-point relative-to="source" x="1" y="0"/>
            </transition-display>
          </transition>
          <segment>
            <node>
              <pipelet-node pipelet-name="InvalidateFormElement" pipelet-set-identifier="bc_api">
                <key-binding alias="CurrentForms.profile.address.addressid" key="FormElement"/>
              </pipelet-node>
              <node-display orientation="horizontal" x="1" y="0"/>
            </node>
            <transition target-connector="in2" target-path="../b4.2"/>
          </segment>
        </branch>
      </node>
      <simple-transition>
        <transition-display>
          <bend-point relative-to="source" x="0" y="1"/>
        </transition-display>
      </simple-transition>
      <node>
        <pipelet-node custom-name="Sets address attributes" pipelet-name="UpdateObjectWithForm" pipelet-set-identifier="bc_api">
          <key-binding alias="CurrentForms.profile.address" key="Form"/>
          <key-binding alias="Address" key="Object"/>
        </pipelet-node>
        <node-display x="0" y="1"/>
        <branch basename="b3" source-connector="error">
          <transition target-connector="in1" target-path="./b4.1"/>
        </branch>
      </node>
      <simple-transition>
        <transition-display>
          <bend-point relative-to="source" x="0" y="1"/>
        </transition-display>
      </simple-transition>
      <node>
        <pipelet-node custom-name="Sets address stateCode" pipelet-name="UpdateObjectWithForm" pipelet-set-identifier="bc_api">
          <key-binding alias="CurrentForms.profile.address.states" key="Form"/>
          <key-binding alias="Address" key="Object"/>
        </pipelet-node>
        <node-display x="0" y="1"/>
        <branch basename="b4" source-connector="error">
          <transition target-connector="in2">
            <transition-display>
              <bend-point relative-to="target" x="0" y="2"/>
            </transition-display>
          </transition>
          <segment>
            <node>
              <join-node/>
              <node-display x="2" y="-1"/>
            </node>
            <transition target-connector="in1" target-path="./+1"/>
          </segment>
          <segment>
            <node>
              <join-node/>
              <node-display x="0" y="-1"/>
            </node>
            <transition target-connector="in2" target-path="./+1"/>
          </segment>
          <segment>
            <node>
              <join-node/>
              <node-display x="0" y="-2"/>
            </node>
            <transition target-connector="in3" target-path="../-1">
              <transition-display>
                <bend-point relative-to="source" x="0" y="-3"/>
              </transition-display>
            </transition>
          </segment>
        </branch>
      </node>
      <simple-transition/>
      <node>
        <decision-node condition-key="CurrentHttpParameterMap.format.stringValue != 'ajax'" condition-operator="expr"/>
        <node-display x="0" y="1"/>
        <branch basename="b5" source-connector="yes">
          <transition target-connector="in1"/>
          <segment>
            <node>
              <join-node/>
              <node-display x="0" y="1"/>
            </node>
            <simple-transition/>
            <node>
              <jump-node start-name-ref="Address-List"/>
              <node-display x="0" y="1"/>
            </node>
          </segment>
        </branch>
      </node>
      <simple-transition>
        <transition-display>
          <bend-point relative-to="source" x="2" y="0"/>
          <bend-point relative-to="target" x="0" y="-1"/>
        </transition-display>
      </simple-transition>
      <node>
        <interaction-node transaction-required="false">
          <template buffered="true" dynamic="false" name="util/successjson"/>
        </interaction-node>
        <node-display x="1" y="1"/>
      </node>
    </segment>
  </branch>
  <branch basename="Edit">
    <segment>
      <node>
        <start-node call-mode="public" name="Edit" secure="true"/>
        <node-display x="7" y="2"/>
      </node>
      <simple-transition>
        <transition-display>
          <bend-point relative-to="source" x="0" y="1"/>
        </transition-display>
      </simple-transition>
      <node>
        <pipelet-node pipelet-name="Assign" pipelet-set-identifier="bc_api">
          <config-property key="Transactional" value="false"/>
          <key-binding alias="&quot;Address-List&quot;" key="From_0"/>
          <key-binding alias="TargetPipeline" key="To_0"/>
          <key-binding alias="&quot;edit&quot;" key="From_1"/>
          <key-binding alias="Action" key="To_1"/>
          <key-binding alias="null" key="From_2"/>
          <key-binding alias="null" key="To_2"/>
          <key-binding alias="null" key="From_3"/>
          <key-binding alias="null" key="To_3"/>
          <key-binding alias="null" key="From_4"/>
          <key-binding alias="null" key="To_4"/>
          <key-binding alias="null" key="From_5"/>
          <key-binding alias="null" key="To_5"/>
          <key-binding alias="null" key="From_6"/>
          <key-binding alias="null" key="To_6"/>
          <key-binding alias="null" key="From_7"/>
          <key-binding alias="null" key="To_7"/>
          <key-binding alias="null" key="From_8"/>
          <key-binding alias="null" key="To_8"/>
          <key-binding alias="null" key="From_9"/>
          <key-binding alias="null" key="To_9"/>
        </pipelet-node>
        <node-display x="0" y="1"/>
      </node>
      <simple-transition>
        <transition-display>
          <bend-point relative-to="source" x="0" y="1"/>
        </transition-display>
      </simple-transition>
      <node>
        <call-node start-name-ref="Account-RequireLogin"/>
        <node-display x="0" y="1"/>
      </node>
      <simple-transition>
        <transition-display>
          <bend-point relative-to="source" x="0" y="1"/>
        </transition-display>
      </simple-transition>
      <node>
        <pipelet-node pipelet-name="ClearFormElement" pipelet-set-identifier="bc_api">
          <key-binding alias="CurrentForms.profile" key="FormElement"/>
        </pipelet-node>
        <node-display x="0" y="1"/>
      </node>
      <simple-transition>
        <transition-display>
          <bend-point relative-to="source" x="0" y="1"/>
        </transition-display>
      </simple-transition>
      <node>
        <pipelet-node pipelet-name="GetCustomerAddress" pipelet-set-identifier="bc_api">
          <key-binding alias="decodeURIComponent(CurrentHttpParameterMap.AddressID.value)" key="AddressID"/>
          <key-binding alias="Address" key="Address"/>
          <key-binding alias="CurrentCustomer" key="Customer"/>
        </pipelet-node>
        <node-display x="0" y="1"/>
        <branch basename="b2" source-connector="error">
          <transition target-connector="in1" target-path="./+1">
            <transition-display>
              <bend-point relative-to="source" x="1" y="0"/>
              <bend-point relative-to="target" x="1" y="0"/>
            </transition-display>
          </transition>
        </branch>
      </node>
      <simple-transition>
        <transition-display>
          <bend-point relative-to="source" x="0" y="1"/>
        </transition-display>
      </simple-transition>
      <node>
        <pipelet-node custom-name="Bind address attributes" pipelet-name="UpdateFormWithObject" pipelet-set-identifier="bc_api">
          <config-property key="Clear" value="false"/>
          <key-binding alias="CurrentForms.profile.address" key="Form"/>
          <key-binding alias="Address" key="Object"/>
        </pipelet-node>
        <node-display x="0" y="1"/>
      </node>
      <simple-transition>
        <transition-display>
          <bend-point relative-to="source" x="0" y="1"/>
        </transition-display>
      </simple-transition>
      <node>
        <pipelet-node custom-name="Bind stateCode to sub form group" pipelet-name="UpdateFormWithObject" pipelet-set-identifier="bc_api">
          <config-property key="Clear" value="false"/>
          <key-binding alias="CurrentForms.profile.address.states" key="Form"/>
          <key-binding alias="Address" key="Object"/>
        </pipelet-node>
        <node-display x="0" y="1"/>
      </node>
      <simple-transition>
        <transition-display>
          <bend-point relative-to="source" x="0" y="1"/>
        </transition-display>
      </simple-transition>
      <node>
        <pipelet-node pipelet-name="Assign" pipelet-set-identifier="bc_api">
          <config-property key="Transactional" value="false"/>
          <key-binding alias="&quot;true&quot;" key="From_0"/>
          <key-binding alias="EditMode" key="To_0"/>
          <key-binding alias="null" key="From_1"/>
          <key-binding alias="null" key="To_1"/>
          <key-binding alias="null" key="From_2"/>
          <key-binding alias="null" key="To_2"/>
          <key-binding alias="null" key="From_3"/>
          <key-binding alias="null" key="To_3"/>
          <key-binding alias="null" key="From_4"/>
          <key-binding alias="null" key="To_4"/>
          <key-binding alias="null" key="From_5"/>
          <key-binding alias="null" key="To_5"/>
          <key-binding alias="null" key="From_6"/>
          <key-binding alias="null" key="To_6"/>
          <key-binding alias="null" key="From_7"/>
          <key-binding alias="null" key="To_7"/>
          <key-binding alias="null" key="From_8"/>
          <key-binding alias="null" key="To_8"/>
          <key-binding alias="null" key="From_9"/>
          <key-binding alias="null" key="To_9"/>
        </pipelet-node>
        <node-display x="0" y="1"/>
      </node>
      <transition target-connector="in1" target-path="./+1"/>
    </segment>
    <segment>
      <node>
        <join-node/>
        <node-display x="0" y="1"/>
      </node>
      <simple-transition>
        <transition-display>
          <bend-point relative-to="source" x="0" y="1"/>
        </transition-display>
      </simple-transition>
      <node>
        <interaction-continue-node secure="true" start-name="SubmitFormEdit" transaction-required="false">
          <template buffered="true" dynamic="false" name="account/addressbook/addressdetails"/>
        </interaction-continue-node>
        <node-display x="0" y="1"/>
        <branch basename="b2" source-connector="cancel">
          <transition target-connector="in2">
            <transition-display>
              <bend-point relative-to="target" x="0" y="-2"/>
            </transition-display>
          </transition>
          <segment>
            <node>
              <join-node/>
              <node-display x="1" y="9"/>
            </node>
            <simple-transition>
              <transition-display>
                <bend-point relative-to="source" x="1" y="0"/>
              </transition-display>
            </simple-transition>
            <node>
              <jump-node start-name-ref="Address-List"/>
              <node-display orientation="horizontal" x="1" y="0"/>
            </node>
          </segment>
        </branch>
        <branch basename="b3" source-connector="create">
          <transition target-connector="in">
            <transition-display>
              <bend-point relative-to="target" x="-1" y="0"/>
            </transition-display>
          </transition>
          <segment>
            <node>
              <call-node start-name-ref="CSRF-Validate"/>
              <node-display orientation="horizontal" x="1" y="2"/>
            </node>
            <transition target-connector="in1" target-path="./+1"/>
          </segment>
          <segment>
            <node>
              <join-node/>
              <node-display x="1" y="0"/>
            </node>
            <simple-transition>
              <transition-display>
                <bend-point relative-to="source" x="0" y="1"/>
                <bend-point relative-to="target" x="0" y="-1"/>
              </transition-display>
            </simple-transition>
            <node>
              <decision-node condition-key="Address.ID == CurrentForms.profile.address.addressid.value" condition-operator="expr"/>
              <node-display x="-1" y="1"/>
              <branch basename="b2" source-connector="yes">
                <transition target-connector="in1" target-path="./b4.1"/>
              </branch>
            </node>
            <simple-transition>
              <transition-display>
                <bend-point relative-to="source" x="1" y="0"/>
              </transition-display>
            </simple-transition>
            <node>
              <pipelet-node pipelet-name="GetCustomerAddress" pipelet-set-identifier="bc_api">
                <key-binding alias="CurrentForms.profile.address.addressid.value" key="AddressID"/>
                <key-binding alias="Address" key="Address"/>
                <key-binding alias="CurrentCustomer" key="Customer"/>
              </pipelet-node>
              <node-display orientation="horizontal" x="1" y="0"/>
              <branch basename="b3" source-connector="error">
                <transition target-connector="in1" target-path="./b4.1">
                  <transition-display>
                    <bend-point relative-to="source" x="0" y="2"/>
                  </transition-display>
                </transition>
              </branch>
            </node>
            <simple-transition>
              <transition-display>
                <bend-point relative-to="source" x="1" y="0"/>
              </transition-display>
            </simple-transition>
            <node>
              <pipelet-node pipelet-name="GetCustomerAddress" pipelet-set-identifier="bc_api">
                <key-binding alias="CurrentHttpParameterMap.addressid.value" key="AddressID"/>
                <key-binding alias="Address" key="Address"/>
                <key-binding alias="CurrentCustomer" key="Customer"/>
              </pipelet-node>
              <node-display orientation="horizontal" x="1" y="0"/>
              <branch basename="b4" source-connector="error">
                <transition target-connector="in1">
                  <transition-display>
                    <bend-point relative-to="source" x="0" y="2"/>
                  </transition-display>
                </transition>
                <segment>
                  <node>
                    <join-node/>
                    <node-display x="-2" y="1"/>
                  </node>
                  <simple-transition>
                    <transition-display>
                      <bend-point relative-to="source" x="0" y="1"/>
                    </transition-display>
                  </simple-transition>
                  <node>
                    <pipelet-node custom-name="Sets address attributes" pipelet-name="UpdateObjectWithForm" pipelet-set-identifier="bc_api">
                      <key-binding alias="CurrentForms.profile.address" key="Form"/>
                      <key-binding alias="Address" key="Object"/>
                    </pipelet-node>
                    <node-display x="0" y="1"/>
                    <branch basename="b2" source-connector="error">
                      <transition target-connector="in1" target-path="./b3.1"/>
                    </branch>
                  </node>
                  <simple-transition>
                    <transition-display>
                      <bend-point relative-to="source" x="0" y="1"/>
                    </transition-display>
                  </simple-transition>
                  <node>
                    <pipelet-node custom-name="Sets address stateCode" pipelet-name="UpdateObjectWithForm" pipelet-set-identifier="bc_api">
                      <key-binding alias="CurrentForms.profile.address.states" key="Form"/>
                      <key-binding alias="Address" key="Object"/>
                    </pipelet-node>
                    <node-display x="0" y="1"/>
                    <branch basename="b3" source-connector="error">
                      <transition target-connector="in2">
                        <transition-display>
                          <bend-point relative-to="source" x="2" y="0"/>
                        </transition-display>
                      </transition>
                      <segment>
                        <node>
                          <join-node/>
                          <node-display x="1" y="-1"/>
                        </node>
                        <simple-transition>
                          <transition-display>
                            <bend-point relative-to="source" x="1" y="0"/>
                          </transition-display>
                        </simple-transition>
                        <node>
                          <pipelet-node pipelet-name="InvalidateFormElement" pipelet-set-identifier="bc_api">
                            <key-binding alias="CurrentForms.profile.address.addressid" key="FormElement"/>
                          </pipelet-node>
                          <node-display orientation="horizontal" x="1" y="0"/>
                        </node>
                        <transition target-connector="in2" target-path="./+1"/>
                      </segment>
                      <segment>
                        <node>
                          <join-node/>
                          <node-display x="2" y="0"/>
                        </node>
                        <transition target-connector="in1" target-path="../../+1"/>
                      </segment>
                    </branch>
                  </node>
                  <transition target-connector="in1" target-path="./+1">
                    <transition-display>
                      <bend-point relative-to="source" x="0" y="2"/>
                    </transition-display>
                  </transition>
                </segment>
                <segment>
                  <node>
                    <join-node/>
                    <node-display x="-1" y="1"/>
                  </node>
                  <simple-transition/>
                  <node>
                    <decision-node condition-key="CurrentHttpParameterMap.format.stringValue.toLowerCase()== 'ajax'" condition-operator="expr"/>
                    <node-display x="0" y="1"/>
                    <branch basename="b2" source-connector="yes">
                      <transition target-connector="in">
                        <transition-display>
                          <bend-point relative-to="target" x="0" y="-1"/>
                        </transition-display>
                      </transition>
                      <segment>
                        <node>
                          <interaction-node transaction-required="false">
                            <template buffered="true" dynamic="false" name="util/successjson"/>
                          </interaction-node>
                          <node-display x="0" y="2"/>
                        </node>
                      </segment>
                    </branch>
                  </node>
                  <transition target-connector="in1" target-path="../../b2.1">
                    <transition-display>
                      <bend-point relative-to="target" x="-1" y="0"/>
                    </transition-display>
                  </transition>
                </segment>
              </branch>
            </node>
            <simple-transition>
              <transition-display>
                <bend-point relative-to="source" x="1" y="0"/>
              </transition-display>
            </simple-transition>
            <node>
              <pipelet-node pipelet-name="InvalidateFormElement" pipelet-set-identifier="bc_api">
                <key-binding alias="CurrentForms.profile.address.addressid" key="FormElement"/>
              </pipelet-node>
              <node-display orientation="horizontal" x="1" y="0"/>
            </node>
            <transition target-connector="in2" target-path="./+1">
              <transition-display>
                <bend-point relative-to="source" x="2" y="0"/>
              </transition-display>
            </transition>
          </segment>
          <segment>
            <node>
              <join-node/>
              <node-display x="1" y="1"/>
            </node>
            <transition target-connector="in1" target-path="../+2"/>
          </segment>
        </branch>
        <branch basename="b4" source-connector="edit">
          <transition target-connector="in"/>
          <segment>
            <node>
              <call-node start-name-ref="CSRF-Validate"/>
              <node-display orientation="horizontal" x="1" y="1"/>
            </node>
            <simple-transition/>
            <node>
              <decision-node condition-key="!CurrentForms.profile.address.valid" condition-operator="expr"/>
              <node-display orientation="horizontal" x="1" y="0"/>
              <branch basename="b2" source-connector="yes">
                <transition target-connector="in1" target-path="../+1"/>
              </branch>
            </node>
            <transition target-connector="in2" target-path="../b3.2"/>
          </segment>
        </branch>
        <branch basename="b5" source-connector="remove">
          <transition target-connector="in"/>
          <segment>
            <node>
              <call-node start-name-ref="Address-DeleteAddress"/>
              <node-display x="0" y="4"/>
              <branch basename="b2" source-connector="failed">
                <transition target-connector="in1" target-path="..">
                  <transition-display>
                    <bend-point relative-to="source" x="-1" y="1"/>
                    <bend-point relative-to="target" x="-1" y="1"/>
                  </transition-display>
                </transition>
              </branch>
              <branch basename="b3" source-connector="ok">
                <transition target-connector="in1" target-path="../b3.2/b4.2"/>
              </branch>
            </node>
          </segment>
        </branch>
      </node>
      <transition target-connector="in1" target-path="./+1">
        <transition-display>
          <bend-point relative-to="target" x="-1" y="-1"/>
        </transition-display>
      </transition>
    </segment>
    <segment>
      <node>
        <join-node/>
        <node-display x="3" y="1"/>
      </node>
      <transition target-connector="in1" target-path="./+1"/>
    </segment>
    <segment>
      <node>
        <join-node/>
        <node-display x="2" y="0"/>
      </node>
      <transition target-connector="in1" target-path="./-2"/>
    </segment>
  </branch>
  <branch basename="_ANONYMOUS_BRANCH_7">
    <segment>
      <node>
        <text-node>
          <description>Sets the default address.</description>
        </text-node>
        <node-display x="10" y="1"/>
      </node>
    </segment>
  </branch>
  <branch basename="SetDefault">
    <segment>
      <node>
        <start-node name="SetDefault" secure="true"/>
        <node-display x="10" y="2"/>
      </node>
      <simple-transition/>
      <node>
        <pipelet-node pipelet-name="Assign" pipelet-set-identifier="bc_api">
          <config-property key="Transactional" value="false"/>
          <key-binding alias="&quot;Address-List&quot;" key="From_0"/>
          <key-binding alias="TargetPipeline" key="To_0"/>
          <key-binding alias="RedirectParams" key="From_1"/>
          <key-binding alias="TargetPipelineParams" key="To_1"/>
          <key-binding alias="null" key="From_2"/>
          <key-binding alias="null" key="To_2"/>
          <key-binding alias="null" key="From_3"/>
          <key-binding alias="null" key="To_3"/>
          <key-binding alias="null" key="From_4"/>
          <key-binding alias="null" key="To_4"/>
          <key-binding alias="null" key="From_5"/>
          <key-binding alias="null" key="To_5"/>
          <key-binding alias="null" key="From_6"/>
          <key-binding alias="null" key="To_6"/>
          <key-binding alias="null" key="From_7"/>
          <key-binding alias="null" key="To_7"/>
          <key-binding alias="null" key="From_8"/>
          <key-binding alias="null" key="To_8"/>
          <key-binding alias="null" key="From_9"/>
          <key-binding alias="null" key="To_9"/>
        </pipelet-node>
        <node-display x="0" y="1"/>
      </node>
      <simple-transition>
        <transition-display>
          <bend-point relative-to="source" x="0" y="1"/>
        </transition-display>
      </simple-transition>
      <node>
        <call-node start-name-ref="Account-RequireLogin"/>
        <node-display x="0" y="1"/>
      </node>
      <simple-transition>
        <transition-display>
          <bend-point relative-to="source" x="0" y="1"/>
        </transition-display>
      </simple-transition>
      <node>
        <pipelet-node pipelet-name="GetCustomerAddress" pipelet-set-identifier="bc_api">
          <key-binding alias="decodeURIComponent(CurrentHttpParameterMap.AddressID.value)" key="AddressID"/>
          <key-binding alias="CustomerAddress" key="Address"/>
          <key-binding alias="CurrentCustomer" key="Customer"/>
        </pipelet-node>
        <node-display x="0" y="1"/>
        <branch basename="b2" source-connector="error">
          <transition target-connector="in2" target-path="./b3.1">
            <transition-display>
              <bend-point relative-to="source" x="2" y="0"/>
            </transition-display>
          </transition>
        </branch>
      </node>
      <simple-transition>
        <transition-display>
          <bend-point relative-to="source" x="0" y="1"/>
        </transition-display>
      </simple-transition>
      <node>
        <pipelet-node pipelet-name="Script" pipelet-set-identifier="bc_api">
          <config-property key="Transactional" value="true"/>
          <config-property key="OnError" value="PIPELET_ERROR"/>
          <config-property key="ScriptFile" value="app_oscill8:account/addressbook/SetDefaultAddress.ds"/>
          <key-binding alias="test" key="ScriptLog"/>
          <key-binding alias="CustomerAddress" key="CustomerAddress"/>
          <key-binding alias="CurrentCustomer" key="CurrentCustomer"/>
        </pipelet-node>
        <node-display x="0" y="1"/>
        <branch basename="b3" source-connector="error">
          <transition target-connector="in1"/>
          <segment>
            <node>
              <join-node/>
              <node-display x="1" y="0"/>
            </node>
            <transition target-connector="in1" target-path="../+1">
              <transition-display>
                <bend-point relative-to="source" x="0" y="2"/>
              </transition-display>
            </transition>
          </segment>
        </branch>
      </node>
      <transition target-connector="in1" target-path="./+1"/>
    </segment>
    <segment>
      <node>
        <join-node/>
        <node-display x="0" y="1"/>
      </node>
      <simple-transition>
        <transition-display>
          <bend-point relative-to="source" x="0" y="1"/>
        </transition-display>
      </simple-transition>
      <node>
        <jump-node start-name-ref="Address-List"/>
        <node-display x="0" y="1"/>
      </node>
    </segment>
  </branch>
  <branch basename="_ANONYMOUS_BRANCH_9">
    <segment>
      <node>
        <text-node>
          <description>Returns a customer address as JSON response. Required to fill address form with selected address from address book.</description>
        </text-node>
        <node-display x="1" y="7"/>
      </node>
    </segment>
  </branch>
  <branch basename="GetAddressDetails">
    <segment>
      <node>
        <start-node name="GetAddressDetails" secure="true"/>
        <node-display x="1" y="8"/>
      </node>
      <simple-transition>
        <transition-display>
          <bend-point relative-to="source" x="0" y="1"/>
        </transition-display>
      </simple-transition>
      <node>
        <pipelet-node pipelet-name="GetCustomerAddress" pipelet-set-identifier="bc_api">
          <key-binding alias="decodeURIComponent(CurrentHttpParameterMap.addressID.value)" key="AddressID"/>
          <key-binding alias="Address" key="Address"/>
          <key-binding alias="CurrentCustomer" key="Customer"/>
        </pipelet-node>
        <node-display x="0" y="1"/>
        <branch basename="b2" source-connector="error">
          <transition target-connector="in2" target-path="./+1">
            <transition-display>
              <bend-point relative-to="source" x="1" y="0"/>
              <bend-point relative-to="target" x="1" y="0"/>
            </transition-display>
          </transition>
        </branch>
      </node>
      <transition target-connector="in1" target-path="./+1"/>
    </segment>
    <segment>
      <node>
        <join-node/>
        <node-display x="0" y="1"/>
      </node>
      <simple-transition>
        <transition-display>
          <bend-point relative-to="source" x="0" y="1"/>
        </transition-display>
      </simple-transition>
      <node>
        <interaction-node transaction-required="false">
          <template buffered="true" dynamic="false" name="account/addressbook/addressjson"/>
        </interaction-node>
        <node-display x="0" y="1"/>
      </node>
    </segment>
  </branch>
  <branch basename="_ANONYMOUS_BRANCH_11">
    <segment>
      <node>
        <text-node>
          <description>Deletes an existing address.</description>
        </text-node>
        <node-display x="1" y="14"/>
      </node>
    </segment>
  </branch>
  <branch basename="Delete">
    <segment>
      <node>
        <start-node name="Delete" secure="true"/>
        <node-display x="1" y="15"/>
      </node>
      <simple-transition/>
      <node>
        <pipelet-node pipelet-name="Assign" pipelet-set-identifier="bc_api">
          <config-property key="Transactional" value="false"/>
          <key-binding alias="decodeURIComponent(CurrentHttpParameterMap.AddressID.value)" key="From_0"/>
          <key-binding alias="CurrentForms.profile.address.addressid.value" key="To_0"/>
          <key-binding alias="null" key="From_1"/>
          <key-binding alias="null" key="To_1"/>
          <key-binding alias="null" key="From_2"/>
          <key-binding alias="null" key="To_2"/>
          <key-binding alias="null" key="From_3"/>
          <key-binding alias="null" key="To_3"/>
          <key-binding alias="null" key="From_4"/>
          <key-binding alias="null" key="To_4"/>
          <key-binding alias="null" key="From_5"/>
          <key-binding alias="null" key="To_5"/>
          <key-binding alias="null" key="From_6"/>
          <key-binding alias="null" key="To_6"/>
          <key-binding alias="null" key="From_7"/>
          <key-binding alias="null" key="To_7"/>
          <key-binding alias="null" key="From_8"/>
          <key-binding alias="null" key="To_8"/>
          <key-binding alias="null" key="From_9"/>
          <key-binding alias="null" key="To_9"/>
        </pipelet-node>
        <node-display x="0" y="2"/>
      </node>
      <simple-transition>
        <transition-display>
          <bend-point relative-to="source" x="0" y="1"/>
        </transition-display>
      </simple-transition>
      <node>
        <call-node start-name-ref="Address-DeleteAddress"/>
        <node-display x="0" y="1"/>
      </node>
      <simple-transition/>
      <node>
        <decision-node condition-key="CurrentHttpParameterMap.format.stringValue != 'ajax'" condition-operator="expr"/>
        <node-display x="0" y="1"/>
        <branch basename="b2" source-connector="yes">
          <transition target-connector="in">
            <transition-display>
              <bend-point relative-to="source" x="0" y="1"/>
            </transition-display>
          </transition>
          <segment>
            <node>
              <jump-node start-name-ref="Address-List"/>
              <node-display x="0" y="1"/>
            </node>
          </segment>
        </branch>
      </node>
      <simple-transition>
        <transition-display>
          <bend-point relative-to="source" x="2" y="0"/>
        </transition-display>
      </simple-transition>
      <node>
        <pipelet-node pipelet-name="Assign" pipelet-set-identifier="bc_api">
          <config-property key="Transactional" value="false"/>
          <key-binding alias="new Object()" key="From_0"/>
          <key-binding alias="JSONResponse" key="To_0"/>
          <key-binding alias="null" key="From_1"/>
          <key-binding alias="null" key="From_2"/>
          <key-binding alias="null" key="From_3"/>
          <key-binding alias="null" key="To_3"/>
          <key-binding alias="null" key="From_4"/>
          <key-binding alias="null" key="To_4"/>
          <key-binding alias="null" key="From_5"/>
          <key-binding alias="null" key="To_5"/>
          <key-binding alias="null" key="From_6"/>
          <key-binding alias="null" key="To_6"/>
          <key-binding alias="null" key="From_7"/>
          <key-binding alias="null" key="To_7"/>
          <key-binding alias="null" key="From_8"/>
          <key-binding alias="null" key="To_8"/>
          <key-binding alias="null" key="From_9"/>
          <key-binding alias="null" key="To_9"/>
        </pipelet-node>
        <node-display x="1" y="1"/>
      </node>
      <simple-transition/>
      <node>
        <pipelet-node pipelet-name="Assign" pipelet-set-identifier="bc_api">
          <config-property key="Transactional" value="false"/>
          <key-binding alias="empty(Status) ? 'OK' : Status.code" key="From_0"/>
          <key-binding alias="JSONResponse.status" key="To_0"/>
          <key-binding alias="empty(Status) || Status.code=='OK' ? '' :  dw.web.Resource.msg('addressdetails.'+dw.customer.CustomerStatusCodes.CUSTOMER_ADDRESS_REFERENCED_BY_PRODUCT_LIST, 'account', null)" key="From_1"/>
          <key-binding alias="JSONResponse.message" key="To_1"/>
          <key-binding alias="null" key="From_2"/>
          <key-binding alias="null" key="To_2"/>
          <key-binding alias="null" key="From_3"/>
          <key-binding alias="null" key="To_3"/>
          <key-binding alias="null" key="From_4"/>
          <key-binding alias="null" key="To_4"/>
          <key-binding alias="null" key="From_5"/>
          <key-binding alias="null" key="To_5"/>
          <key-binding alias="null" key="From_6"/>
          <key-binding alias="null" key="To_6"/>
          <key-binding alias="null" key="From_7"/>
          <key-binding alias="null" key="To_7"/>
          <key-binding alias="null" key="From_8"/>
          <key-binding alias="null" key="To_8"/>
          <key-binding alias="null" key="From_9"/>
          <key-binding alias="null" key="To_9"/>
        </pipelet-node>
        <node-display x="0" y="1"/>
      </node>
      <simple-transition/>
      <node>
        <interaction-node transaction-required="false">
          <template buffered="true" dynamic="false" name="util/responsejson"/>
        </interaction-node>
        <node-display x="0" y="1"/>
      </node>
    </segment>
  </branch>
  <branch basename="DeleteAddress">
    <segment>
      <node>
        <start-node call-mode="private" name="DeleteAddress" secure="false"/>
        <node-display x="4" y="16"/>
      </node>
      <simple-transition>
        <transition-display>
          <bend-point relative-to="source" x="0" y="1"/>
        </transition-display>
      </simple-transition>
      <node>
        <pipelet-node pipelet-name="Assign" pipelet-set-identifier="bc_api">
          <config-property key="Transactional" value="false"/>
          <key-binding alias="&quot;Address-Delete&quot;" key="From_0"/>
          <key-binding alias="TargetPipeline" key="To_0"/>
          <key-binding alias="RedirectParams" key="From_1"/>
          <key-binding alias="TargetPipelineParams" key="To_1"/>
          <key-binding alias="null" key="From_2"/>
          <key-binding alias="null" key="To_2"/>
          <key-binding alias="null" key="From_3"/>
          <key-binding alias="null" key="To_3"/>
          <key-binding alias="null" key="From_4"/>
          <key-binding alias="null" key="To_4"/>
          <key-binding alias="null" key="From_5"/>
          <key-binding alias="null" key="To_5"/>
          <key-binding alias="null" key="From_6"/>
          <key-binding alias="null" key="To_6"/>
          <key-binding alias="null" key="From_7"/>
          <key-binding alias="null" key="To_7"/>
          <key-binding alias="null" key="From_8"/>
          <key-binding alias="null" key="To_8"/>
          <key-binding alias="null" key="From_9"/>
          <key-binding alias="null" key="To_9"/>
        </pipelet-node>
        <node-display x="0" y="1"/>
      </node>
      <simple-transition>
        <transition-display>
          <bend-point relative-to="source" x="0" y="1"/>
        </transition-display>
      </simple-transition>
      <node>
        <call-node start-name-ref="Account-RequireLogin"/>
        <node-display x="0" y="1"/>
      </node>
      <simple-transition>
        <transition-display>
          <bend-point relative-to="source" x="0" y="1"/>
        </transition-display>
      </simple-transition>
      <node>
        <pipelet-node pipelet-name="GetCustomerAddress" pipelet-set-identifier="bc_api">
          <key-binding alias="CurrentForms.profile.address.addressid.value" key="AddressID"/>
          <key-binding alias="Address" key="Address"/>
          <key-binding alias="CurrentCustomer" key="Customer"/>
        </pipelet-node>
        <node-display x="0" y="1"/>
        <branch basename="b2" source-connector="error">
          <transition target-connector="in">
            <transition-display>
              <bend-point relative-to="target" x="-1" y="0"/>
            </transition-display>
          </transition>
          <segment>
            <node>
              <end-node name="failed"/>
              <node-display orientation="horizontal" x="1" y="-1"/>
            </node>
          </segment>
        </branch>
      </node>
      <simple-transition>
        <transition-display>
          <bend-point relative-to="source" x="0" y="1"/>
        </transition-display>
      </simple-transition>
      <node>
        <pipelet-node pipelet-name="RemoveCustomerAddress" pipelet-set-identifier="bc_api">
          <key-binding alias="Address" key="Address"/>
          <key-binding alias="CurrentCustomer" key="Customer"/>
        </pipelet-node>
        <node-display x="0" y="1"/>
        <branch basename="b3" source-connector="error">
          <transition target-connector="in">
            <transition-display>
              <bend-point relative-to="target" x="-1" y="0"/>
            </transition-display>
          </transition>
          <segment>
            <node>
              <pipelet-node pipelet-name="Assign" pipelet-set-identifier="bc_api">
                <config-property key="Transactional" value="false"/>
                <key-binding alias="new dw.system.Status(dw.system.Status.ERROR,dw.customer.CustomerStatusCodes.CUSTOMER_ADDRESS_REFERENCED_BY_PRODUCT_LIST)" key="From_0"/>
                <key-binding alias="Status" key="To_0"/>
                <key-binding alias="null" key="From_1"/>
                <key-binding alias="null" key="To_1"/>
                <key-binding alias="null" key="From_2"/>
                <key-binding alias="null" key="To_2"/>
                <key-binding alias="null" key="From_3"/>
                <key-binding alias="null" key="To_3"/>
                <key-binding alias="null" key="From_4"/>
                <key-binding alias="null" key="To_4"/>
                <key-binding alias="null" key="From_5"/>
                <key-binding alias="null" key="To_5"/>
                <key-binding alias="null" key="From_6"/>
                <key-binding alias="null" key="To_6"/>
                <key-binding alias="null" key="From_7"/>
                <key-binding alias="null" key="To_7"/>
                <key-binding alias="null" key="From_8"/>
                <key-binding alias="null" key="To_8"/>
                <key-binding alias="null" key="From_9"/>
                <key-binding alias="null" key="To_9"/>
              </pipelet-node>
              <node-display orientation="horizontal" x="1" y="-1"/>
            </node>
            <simple-transition>
              <transition-display>
                <bend-point relative-to="source" x="1" y="0"/>
              </transition-display>
            </simple-transition>
            <node>
              <end-node name="failed"/>
              <node-display orientation="horizontal" x="1" y="0"/>
            </node>
          </segment>
        </branch>
      </node>
      <simple-transition/>
      <node>
        <decision-node condition-key="CurrentHttpParameterMap.format.stringValue != 'ajax'" condition-operator="expr"/>
        <node-display x="0" y="1"/>
        <branch basename="b4" source-connector="yes">
          <transition target-connector="in"/>
          <segment>
            <node>
              <jump-node start-name-ref="Address-List"/>
              <node-display x="0" y="1"/>
            </node>
          </segment>
        </branch>
      </node>
      <simple-transition>
        <transition-display>
          <bend-point relative-to="target" x="0" y="-2"/>
          <bend-point relative-to="target" x="0" y="-1"/>
        </transition-display>
      </simple-transition>
      <node>
        <end-node name="ok"/>
        <node-display x="1" y="0"/>
      </node>
    </segment>
  </branch>
</pipeline>
