<?xml version="1.0" encoding="UTF-8" ?>
<?demandware-pipeline version="2.0"?>

<pipeline type="process">
  <branch basename="_ANONYMOUS_BRANCH_1">
    <segment>
      <node>
        <text-node>
          <description>This is where additional PayPal integration would go. The current implementation simply creates a PaymentInstrument and returns 'success'.</description>
        </text-node>
        <node-display width="2" x="1" y="1"/>
      </node>
    </segment>
  </branch>
  <branch basename="Handle">
    <segment>
      <node>
        <start-node call-mode="private" name="Handle" secure="false"/>
        <node-display x="1" y="2"/>
      </node>
      <simple-transition/>
      <node>
        <pipelet-node pipelet-name="Script" pipelet-set-identifier="bc_api">
          <config-property key="Transactional" value="true"/>
          <config-property key="OnError" value="PIPELET_ERROR"/>
          <config-property key="ScriptFile" value="app_oscill8:checkout/CreatePaymentInstrument.ds"/>
          <key-binding alias="null" key="ScriptLog"/>
          <key-binding alias="&quot;PayPal&quot;" key="PaymentType"/>
          <key-binding alias="true" key="RemoveExisting"/>
          <key-binding alias="PaymentInstrument" key="PaymentInstrument"/>
          <key-binding alias="Basket" key="LineItemCtnr"/>
        </pipelet-node>
        <node-display x="0" y="1"/>
        <branch basename="b2" source-connector="error">
          <transition target-connector="in">
            <transition-display>
              <bend-point relative-to="source" x="2" y="0"/>
              <bend-point relative-to="target" x="0" y="-1"/>
            </transition-display>
          </transition>
          <segment>
            <node>
              <end-node name="error"/>
              <node-display x="1" y="1"/>
            </node>
          </segment>
        </branch>
      </node>
      <simple-transition/>
      <node>
        <end-node name="success"/>
        <node-display x="0" y="1"/>
      </node>
    </segment>
  </branch>
  <branch basename="_ANONYMOUS_BRANCH_3">
    <segment>
      <node>
        <text-node>
          <description>Authorizes a payment using a credit card. The payment is authorized by using the PAYPAL_EXPRESS processor only and setting the order no as the transaction ID. Customizations may use other processors and custom logic to authorize credit card payment.</description>
        </text-node>
        <node-display width="2" x="4" y="1"/>
      </node>
    </segment>
  </branch>
  <branch basename="Authorize">
    <segment>
      <node>
        <start-node call-mode="private" name="Authorize" secure="false"/>
        <node-display x="4" y="2"/>
      </node>
      <simple-transition>
        <transition-display>
          <bend-point relative-to="source" x="0" y="1"/>
        </transition-display>
      </simple-transition>
      <node>
        <pipelet-node pipelet-name="GetPaymentProcessor" pipelet-set-identifier="bc_api">
          <key-binding alias="&quot;PAYPAL_EXPRESS&quot;" key="ID"/>
          <key-binding alias="PaymentProcessor" key="PaymentProcessor"/>
        </pipelet-node>
        <node-display x="0" y="1"/>
        <branch basename="b2" source-connector="error">
          <transition target-connector="in">
            <transition-display>
              <bend-point relative-to="source" x="1" y="0"/>
            </transition-display>
          </transition>
          <segment>
            <node>
              <end-node name="error"/>
              <node-display orientation="horizontal" x="1" y="0"/>
            </node>
          </segment>
        </branch>
      </node>
      <simple-transition>
        <transition-display>
          <bend-point relative-to="source" x="0" y="1"/>
        </transition-display>
      </simple-transition>
      <node>
        <pipelet-node custom-name="Just set transaction ID and processor" pipelet-name="Assign" pipelet-set-identifier="bc_api">
          <config-property key="Transactional" value="true"/>
          <key-binding alias="null" key="From_3"/>
          <key-binding alias="null" key="To_3"/>
          <key-binding alias="null" key="From_4"/>
          <key-binding alias="null" key="To_4"/>
          <key-binding alias="null" key="From_5"/>
          <key-binding alias="null" key="To_5"/>
          <key-binding alias="null" key="From_6"/>
          <key-binding alias="null" key="To_6"/>
          <key-binding alias="null" key="From_7"/>
          <key-binding alias="null" key="To_7"/>
          <key-binding alias="null" key="From_8"/>
          <key-binding alias="null" key="To_8"/>
          <key-binding alias="null" key="From_9"/>
          <key-binding alias="null" key="To_9"/>
          <key-binding alias="OrderNo" key="From_0"/>
          <key-binding alias="PaymentInstrument.paymentTransaction.transactionID" key="To_0"/>
          <key-binding alias="PaymentInstrument.paymentTransaction.paymentProcessor" key="To_1"/>
          <key-binding alias="PaymentProcessor" key="From_1"/>
        </pipelet-node>
        <node-display x="0" y="1"/>
      </node>
      <simple-transition>
        <transition-display>
          <bend-point relative-to="source" x="0" y="1"/>
        </transition-display>
      </simple-transition>
      <node>
        <end-node name="authorized"/>
        <node-display x="0" y="1"/>
      </node>
    </segment>
  </branch>
</pipeline>
