<?xml version="1.0" encoding="UTF-8" ?>
<?demandware-pipeline version="2.0"?>

<pipeline group="Service" type="view">
  <branch basename="Check">
    <segment>
      <node>
        <start-node call-mode="private" name="Check" secure="false"/>
        <node-display x="1" y="1"/>
      </node>
      <simple-transition/>
      <node>
        <pipelet-node custom-name="CustomLabel" pipelet-name="Script" pipelet-set-identifier="bc_api">
          <config-property key="Transactional" value="false"/>
          <config-property key="OnError" value="PIPELET_ERROR"/>
          <config-property key="ScriptFile" value="app_oscill8:util/RateLimiter.js"/>
          <key-binding alias="ScriptLog" key="ScriptLog"/>
          <key-binding alias="CounterLabel" key="CounterLabel"/>
        </pipelet-node>
        <node-display x="0" y="1"/>
        <branch basename="b2" source-connector="error">
          <transition target-connector="in">
            <transition-display>
              <bend-point relative-to="source" x="2" y="0"/>
              <bend-point relative-to="target" x="0" y="-1"/>
            </transition-display>
          </transition>
          <segment>
            <node>
              <call-node start-name-ref="RateLimiter-Exceeded"/>
              <node-display x="1" y="1"/>
            </node>
            <transition target-connector="in3" target-path="../+1">
              <transition-display>
                <bend-point relative-to="source" x="0" y="2"/>
              </transition-display>
            </transition>
          </segment>
        </branch>
      </node>
      <transition target-connector="in1" target-path="./+1"/>
    </segment>
    <segment>
      <node>
        <join-node/>
        <node-display x="0" y="2"/>
      </node>
      <simple-transition>
        <transition-display>
          <bend-point relative-to="source" x="0" y="1"/>
        </transition-display>
      </simple-transition>
      <node>
        <end-node name="ok"/>
        <node-display x="0" y="1"/>
      </node>
    </segment>
  </branch>
  <branch basename="Exceeded">
    <segment>
      <node>
        <start-node call-mode="private" name="Exceeded" secure="false"/>
        <node-display x="4" y="1"/>
      </node>
      <simple-transition>
        <transition-display>
          <bend-point relative-to="target" x="0" y="-1"/>
        </transition-display>
      </simple-transition>
      <node>
        <pipelet-node pipelet-name="Assign" pipelet-set-identifier="bc_api">
          <config-property key="Transactional" value="false"/>
          <key-binding alias="true" key="From_0"/>
          <key-binding alias="CurrentSession.privacy.showCaptcha" key="To_0"/>
          <key-binding alias="null" key="From_1"/>
          <key-binding alias="null" key="From_2"/>
          <key-binding alias="null" key="To_2"/>
          <key-binding alias="null" key="From_3"/>
          <key-binding alias="null" key="To_3"/>
          <key-binding alias="null" key="From_4"/>
          <key-binding alias="null" key="To_4"/>
          <key-binding alias="null" key="From_5"/>
          <key-binding alias="null" key="To_5"/>
          <key-binding alias="null" key="From_6"/>
          <key-binding alias="null" key="To_6"/>
          <key-binding alias="null" key="From_7"/>
          <key-binding alias="null" key="To_7"/>
          <key-binding alias="null" key="From_8"/>
          <key-binding alias="null" key="To_8"/>
          <key-binding alias="null" key="From_9"/>
          <key-binding alias="null" key="To_9"/>
        </pipelet-node>
        <node-display x="0" y="2"/>
      </node>
      <simple-transition>
        <transition-display>
          <bend-point relative-to="target" x="0" y="-1"/>
        </transition-display>
      </simple-transition>
      <node>
        <end-node/>
        <node-display x="0" y="2"/>
      </node>
    </segment>
  </branch>
  <branch basename="HideCaptcha">
    <segment>
      <node>
        <start-node call-mode="public" name="HideCaptcha" secure="false"/>
        <node-display x="7" y="1"/>
      </node>
      <simple-transition>
        <transition-display>
          <bend-point relative-to="target" x="0" y="-1"/>
        </transition-display>
      </simple-transition>
      <node>
        <pipelet-node pipelet-name="Assign" pipelet-set-identifier="bc_api">
          <config-property key="Transactional" value="false"/>
          <key-binding alias="false" key="From_0"/>
          <key-binding alias="CurrentSession.privacy.showCaptcha" key="To_0"/>
          <key-binding alias="null" key="From_1"/>
          <key-binding alias="null" key="To_1"/>
          <key-binding alias="null" key="From_2"/>
          <key-binding alias="null" key="To_2"/>
          <key-binding alias="null" key="From_3"/>
          <key-binding alias="null" key="To_3"/>
          <key-binding alias="null" key="From_4"/>
          <key-binding alias="null" key="To_4"/>
          <key-binding alias="null" key="From_5"/>
          <key-binding alias="null" key="To_5"/>
          <key-binding alias="null" key="From_6"/>
          <key-binding alias="null" key="To_6"/>
          <key-binding alias="null" key="From_7"/>
          <key-binding alias="null" key="To_7"/>
          <key-binding alias="null" key="From_8"/>
          <key-binding alias="null" key="To_8"/>
          <key-binding alias="null" key="From_9"/>
          <key-binding alias="null" key="To_9"/>
        </pipelet-node>
        <node-display x="0" y="2"/>
      </node>
      <simple-transition>
        <transition-display>
          <bend-point relative-to="source" x="0" y="2"/>
        </transition-display>
      </simple-transition>
      <node>
        <decision-node condition-key="CurrentHttpParameterMap.format.stringValue == 'ajax'" condition-operator="expr"/>
        <node-display x="0" y="2"/>
        <branch basename="b2" source-connector="yes">
          <transition target-connector="in">
            <transition-display>
              <bend-point relative-to="target" x="0" y="-1"/>
            </transition-display>
          </transition>
          <segment>
            <node>
              <interaction-node transaction-required="false">
                <template buffered="true" dynamic="false" name="util/pt_empty"/>
              </interaction-node>
              <node-display x="0" y="2"/>
            </node>
          </segment>
        </branch>
      </node>
      <simple-transition>
        <transition-display>
          <bend-point relative-to="target" x="-1" y="0"/>
        </transition-display>
      </simple-transition>
      <node>
        <end-node/>
        <node-display orientation="horizontal" x="2" y="0"/>
      </node>
    </segment>
  </branch>
  <branch basename="_ANONYMOUS_BRANCH_4">
    <segment>
      <node>
        <text-node>
          <description>NOTE: This is where you will want to insert code to support a different, presumably better, CAPTCHA tool!</description>
        </text-node>
        <node-display x="5" y="2"/>
      </node>
    </segment>
  </branch>
</pipeline>
