<?xml version="1.0" encoding="UTF-8" ?>
<?demandware-pipeline version="2.0"?>

<pipeline group="Application">
  <branch basename="_ANONYMOUS_BRANCH_1">
    <segment>
      <node>
        <text-node>
          <description>Pipeline is called by the system to handle URL mappings (static mappings and mapping rules). The mappings are configured in Business Manager. This Pipeline is highly performance cricitcal, because it is frequently called in case of explot scans. Please follow these rules:
- no or only few database calls
- simple (static) template response
- caching the result page is a must

In:
OriginalURL</description>
        </text-node>
        <node-display width="4" x="1" y="1"/>
      </node>
    </segment>
  </branch>
  <branch basename="Start">
    <segment>
      <node>
        <start-node name="Start" secure="false"/>
        <node-display x="1" y="2"/>
      </node>
      <simple-transition>
        <transition-display>
          <bend-point relative-to="source" x="0" y="1"/>
        </transition-display>
      </simple-transition>
      <node>
        <pipelet-node pipelet-name="RedirectURL" pipelet-set-identifier="bc_api">
          <key-binding alias="Location" key="Location"/>
          <key-binding alias="OriginalURL" key="OriginalURL"/>
        </pipelet-node>
        <node-display x="0" y="1"/>
        <branch basename="b2" source-connector="error">
          <transition target-connector="in">
            <transition-display>
              <bend-point relative-to="source" x="1" y="0"/>
            </transition-display>
          </transition>
          <segment>
            <node>
              <interaction-node transaction-required="false">
                <template buffered="true" dynamic="false" name="util/redirecterror"/>
              </interaction-node>
              <node-display orientation="horizontal" x="1" y="0"/>
            </node>
          </segment>
        </branch>
      </node>
      <simple-transition>
        <transition-display>
          <bend-point relative-to="source" x="0" y="1"/>
        </transition-display>
      </simple-transition>
      <node>
        <interaction-node transaction-required="false">
          <template buffered="true" dynamic="false" name="util/redirectpermanent"/>
        </interaction-node>
        <node-display x="0" y="1"/>
      </node>
    </segment>
  </branch>
  <branch basename="_ANONYMOUS_BRANCH_3">
    <segment>
      <node>
        <text-node>
          <description>Hostname-only URLs (e.g. http://sitegenesis.com/) cannot be redirected using the URL mapping framework. Instead specify this pipeline in site's aliases in Busines Manager. Per default a redirect to the homepage is performed. The hostname in the URL is site's HTTP Hostname - if configured in Business Manager. Also, you can provide an URL to redirect to (parameter Location).

In:
Location (optional)</description>
        </text-node>
        <node-display width="4" x="1" y="6"/>
      </node>
    </segment>
  </branch>
  <branch basename="Hostname">
    <segment>
      <node>
        <start-node name="Hostname" secure="false"/>
        <node-display x="1" y="7"/>
      </node>
      <simple-transition/>
      <node>
        <pipelet-node pipelet-name="Script" pipelet-set-identifier="bc_api">
          <config-property key="Transactional" value="false"/>
          <config-property key="OnError" value="PIPELET_ERROR"/>
          <config-property key="ScriptFile" value="app_oscill8:util/Redirect.js"/>
          <key-binding alias="ScriptLog" key="ScriptLog"/>
          <key-binding alias="CurrentRequest" key="CurrentRequest"/>
          <key-binding alias="CurrentHttpParamMap" key="CurrentHttpParamMap"/>
          <key-binding alias="Location" key="Location"/>
        </pipelet-node>
        <node-display x="0" y="1"/>
        <branch basename="b2" source-connector="error">
          <transition target-connector="in">
            <transition-display>
              <bend-point relative-to="source" x="1" y="0"/>
            </transition-display>
          </transition>
          <segment>
            <node>
              <end-node/>
              <node-display orientation="horizontal" x="1" y="0"/>
            </node>
          </segment>
        </branch>
      </node>
      <simple-transition/>
      <node>
        <interaction-node transaction-required="false">
          <template buffered="true" dynamic="false" name="util/redirectpermanent"/>
        </interaction-node>
        <node-display x="0" y="1"/>
      </node>
    </segment>
  </branch>
</pipeline>
